Stage,Date,Time,HomeTeam,HomeTeamCountry,AwayTeam,AwayTeamCountry,Score
Group A,2015-09-15,20:45,Real Madrid,ESP,Shakhtar Donetsk,UKR,4-0
Group A,2015-09-15,20:45,Paris Saint-Germain,FRA,Malmö FF,SWE,2-0
Group A,2015-09-30,20:45,Malmö FF,SWE,Real Madrid,ESP,0-2
Group A,2015-09-30,20:45,Shakhtar Donetsk,UKR,Paris Saint-Germain,FRA,0-3
Group A,2015-10-21,20:45,Paris Saint-Germain,FRA,Real Madrid,ESP,0-0
Group A,2015-10-21,20:45,Malmö FF,SWE,Shakhtar Donetsk,UKR,1-0
Group A,2015-11-03,20:45,Real Madrid,ESP,Paris Saint-Germain,FRA,1-0
Group A,2015-11-03,20:45,Shakhtar Donetsk,UKR,Malmö FF,SWE,4-0
Group A,2015-11-25,20:45,Malmö FF,SWE,Paris Saint-Germain,FRA,0-5
Group A,2015-11-25,20:45,Shakhtar Donetsk,UKR,Real Madrid,ESP,3-4
Group A,2015-12-08,20:45,Paris Saint-Germain,FRA,Shakhtar Donetsk,UKR,2-0
Group A,2015-12-08,20:45,Real Madrid,ESP,Malmö FF,SWE,8-0
Group B,2015-09-15,20:45,VfL Wolfsburg,GER,CSKA Moskva,RUS,1-0
Group B,2015-09-15,20:45,PSV Eindhoven,NED,Manchester United,ENG,2-1
Group B,2015-09-30,20:45,CSKA Moskva,RUS,PSV Eindhoven,NED,3-2
Group B,2015-09-30,20:45,Manchester United,ENG,VfL Wolfsburg,GER,2-1
Group B,2015-10-21,20:45,CSKA Moskva,RUS,Manchester United,ENG,1-1
Group B,2015-10-21,20:45,VfL Wolfsburg,GER,PSV Eindhoven,NED,2-0
Group B,2015-11-03,20:45,PSV Eindhoven,NED,VfL Wolfsburg,GER,2-0
Group B,2015-11-03,20:45,Manchester United,ENG,CSKA Moskva,RUS,1-0
Group B,2015-11-25,18:00,CSKA Moskva,RUS,VfL Wolfsburg,GER,0-2
Group B,2015-11-25,20:45,Manchester United,ENG,PSV Eindhoven,NED,0-0
Group B,2015-12-08,20:45,VfL Wolfsburg,GER,Manchester United,ENG,3-2
Group B,2015-12-08,20:45,PSV Eindhoven,NED,CSKA Moskva,RUS,2-1
Group C,2015-09-15,20:45,SL Benfica,POR,FK Astana,KAZ,2-0
Group C,2015-09-15,20:45,Galatasaray,TUR,Atlético Madrid,ESP,0-2
Group C,2015-09-30,18:00,FK Astana,KAZ,Galatasaray,TUR,2-2
Group C,2015-09-30,20:45,Atlético Madrid,ESP,SL Benfica,POR,1-2
Group C,2015-10-21,20:45,Galatasaray,TUR,SL Benfica,POR,2-1
Group C,2015-10-21,20:45,Atlético Madrid,ESP,FK Astana,KAZ,4-0
Group C,2015-11-03,16:00,FK Astana,KAZ,Atlético Madrid,ESP,0-0
Group C,2015-11-03,20:45,SL Benfica,POR,Galatasaray,TUR,2-1
Group C,2015-11-25,16:00,FK Astana,KAZ,SL Benfica,POR,2-2
Group C,2015-11-25,20:45,Atlético Madrid,ESP,Galatasaray,TUR,2-0
Group C,2015-12-08,20:45,Galatasaray,TUR,FK Astana,KAZ,1-1
Group C,2015-12-08,20:45,SL Benfica,POR,Atlético Madrid,ESP,1-2
Group D,2015-09-15,20:45,Sevilla FC,ESP,Bor. Mönchengladbach,GER,3-0
Group D,2015-09-15,20:45,Manchester City,ENG,Juventus,ITA,1-2
Group D,2015-09-30,20:45,Juventus,ITA,Sevilla FC,ESP,2-0
Group D,2015-09-30,20:45,Bor. Mönchengladbach,GER,Manchester City,ENG,1-2
Group D,2015-10-21,20:45,Manchester City,ENG,Sevilla FC,ESP,2-1
Group D,2015-10-21,20:45,Juventus,ITA,Bor. Mönchengladbach,GER,0-0
Group D,2015-11-03,20:45,Bor. Mönchengladbach,GER,Juventus,ITA,1-1
Group D,2015-11-03,20:45,Sevilla FC,ESP,Manchester City,ENG,1-3
Group D,2015-11-25,20:45,Juventus,ITA,Manchester City,ENG,1-0
Group D,2015-11-25,20:45,Bor. Mönchengladbach,GER,Sevilla FC,ESP,4-2
Group D,2015-12-08,20:45,Manchester City,ENG,Bor. Mönchengladbach,GER,4-2
Group D,2015-12-08,20:45,Sevilla FC,ESP,Juventus,ITA,1-0
Group E,2015-09-16,20:45,AS Roma,ITA,FC Barcelona,ESP,1-1
Group E,2015-09-16,20:45,Bayer Leverkusen,GER,BATE Borisov,BLR,4-1
Group E,2015-09-29,20:45,FC Barcelona,ESP,Bayer Leverkusen,GER,2-1
Group E,2015-09-29,20:45,BATE Borisov,BLR,AS Roma,ITA,3-2
Group E,2015-10-20,20:45,BATE Borisov,BLR,FC Barcelona,ESP,0-2
Group E,2015-10-20,20:45,Bayer Leverkusen,GER,AS Roma,ITA,4-4
Group E,2015-11-04,20:45,AS Roma,ITA,Bayer Leverkusen,GER,3-2
Group E,2015-11-04,20:45,FC Barcelona,ESP,BATE Borisov,BLR,3-0
Group E,2015-11-24,18:00,BATE Borisov,BLR,Bayer Leverkusen,GER,1-1
Group E,2015-11-24,20:45,FC Barcelona,ESP,AS Roma,ITA,6-1
Group E,2015-12-09,20:45,Bayer Leverkusen,GER,FC Barcelona,ESP,1-1
Group E,2015-12-09,20:45,AS Roma,ITA,BATE Borisov,BLR,0-0
Group F,2015-09-16,20:45,Olympiakos Piraeus,GRE,Bayern München,GER,0-3
Group F,2015-09-16,20:45,Dinamo Zagreb,CRO,Arsenal FC,ENG,2-1
Group F,2015-09-29,20:45,Arsenal FC,ENG,Olympiakos Piraeus,GRE,2-3
Group F,2015-09-29,20:45,Bayern München,GER,Dinamo Zagreb,CRO,5-0
Group F,2015-10-20,20:45,Arsenal FC,ENG,Bayern München,GER,2-0
Group F,2015-10-20,20:45,Dinamo Zagreb,CRO,Olympiakos Piraeus,GRE,0-1
Group F,2015-11-04,20:45,Bayern München,GER,Arsenal FC,ENG,5-1
Group F,2015-11-04,20:45,Olympiakos Piraeus,GRE,Dinamo Zagreb,CRO,2-1
Group F,2015-11-24,20:45,Bayern München,GER,Olympiakos Piraeus,GRE,4-0
Group F,2015-11-24,20:45,Arsenal FC,ENG,Dinamo Zagreb,CRO,3-0
Group F,2015-12-09,20:45,Dinamo Zagreb,CRO,Bayern München,GER,0-2
Group F,2015-12-09,20:45,Olympiakos Piraeus,GRE,Arsenal FC,ENG,0-3
Group G,2015-09-16,20:45,Dinamo Kiev,UKR,FC Porto,POR,2-2
Group G,2015-09-16,20:45,Chelsea FC,ENG,Maccabi Tel Aviv,ISR,4-0
Group G,2015-09-29,20:45,FC Porto,POR,Chelsea FC,ENG,2-1
Group G,2015-09-29,20:45,Maccabi Tel Aviv,ISR,Dinamo Kiev,UKR,0-2
Group G,2015-10-20,20:45,FC Porto,POR,Maccabi Tel Aviv,ISR,2-0
Group G,2015-10-20,20:45,Dinamo Kiev,UKR,Chelsea FC,ENG,0-0
Group G,2015-11-04,20:45,Chelsea FC,ENG,Dinamo Kiev,UKR,2-1
Group G,2015-11-04,20:45,Maccabi Tel Aviv,ISR,FC Porto,POR,1-3
Group G,2015-11-24,20:45,Maccabi Tel Aviv,ISR,Chelsea FC,ENG,0-4
Group G,2015-11-24,20:45,FC Porto,POR,Dinamo Kiev,UKR,0-2
Group G,2015-12-09,20:45,Chelsea FC,ENG,FC Porto,POR,2-0
Group G,2015-12-09,20:45,Dinamo Kiev,UKR,Maccabi Tel Aviv,ISR,1-0
Group H,2015-09-16,20:45,Valencia CF,ESP,Zenit St. Petersburg,RUS,2-3
Group H,2015-09-16,20:45,KAA Gent,BEL,Olympique Lyonnais,FRA,1-1
Group H,2015-09-29,20:45,Olympique Lyonnais,FRA,Valencia CF,ESP,0-1
Group H,2015-09-29,20:45,Zenit St. Petersburg,RUS,KAA Gent,BEL,2-1
Group H,2015-10-20,20:45,Valencia CF,ESP,KAA Gent,BEL,2-1
Group H,2015-10-20,20:45,Zenit St. Petersburg,RUS,Olympique Lyonnais,FRA,3-1
Group H,2015-11-04,20:45,Olympique Lyonnais,FRA,Zenit St. Petersburg,RUS,0-2
Group H,2015-11-04,20:45,KAA Gent,BEL,Valencia CF,ESP,1-0
Group H,2015-11-24,18:00,Zenit St. Petersburg,RUS,Valencia CF,ESP,2-0
Group H,2015-11-24,20:45,Olympique Lyonnais,FRA,KAA Gent,BEL,1-2
Group H,2015-12-09,20:45,Valencia CF,ESP,Olympique Lyonnais,FRA,0-2
Group H,2015-12-09,20:45,KAA Gent,BEL,Zenit St. Petersburg,RUS,2-1
Round of 16,2016-02-16,20:45,Paris Saint-Germain,FRA,Chelsea FC,ENG,2-1
Round of 16,2016-02-16,20:45,SL Benfica,POR,Zenit St. Petersburg,RUS,1-0
Round of 16,2015-02-17,20:45,KAA Gent,BEL,VfL Wolfsburg,GER,2-3
Round of 16,2015-02-17,20:45,AS Roma,ITA,Real Madrid,ESP,0-2
Round of 16,2015-02-23,20:45,Arsenal FC,ENG,FC Barcelona,ESP,0-2
Round of 16,2015-02-23,20:45,Juventus,ITA,Bayern München,GER,2-2
Round of 16,2015-02-24,20:45,PSV Eindhoven,NED,Atlético Madrid,ESP,0-0
Round of 16,2015-02-24,20:45,Dinamo Kiev,UKR,Manchester City,ENG,1-3
Round of 16,2015-03-08,20:45,VfL Wolfsburg,GER,KAA Gent,BEL,1-0
Round of 16,2015-03-08,20:45,Real Madrid,ESP,AS Roma,ITA,2-0
Round of 16,2015-03-09,18:00,Zenit St. Petersburg,RUS,SL Benfica,POR,1-2
Round of 16,2015-03-09,20:45,Chelsea FC,ENG,Paris Saint-Germain,FRA,1-2
Round of 16,2015-03-15,20:45,Atlético Madrid,ESP,PSV Eindhoven,NED,8-7
Round of 16,2015-03-15,20:45,Manchester City,ENG,Dinamo Kiev,UKR,0-0
Round of 16,2015-03-16,20:45,FC Barcelona,ESP,Arsenal FC,ENG,3-1
Round of 16,2015-03-16,20:45,Bayern München,GER,Juventus,ITA,4-2
Quarterfinals,2015-04-05,20:45,Bayern München,GER,SL Benfica,POR,1-0
Quarterfinals,2015-04-05,20:45,FC Barcelona,ESP,Atlético Madrid,ESP,2-1
Quarterfinals,2015-04-06,20:45,VfL Wolfsburg,GER,Real Madrid,ESP,2-0
Quarterfinals,2015-04-06,20:45,Paris Saint-Germain,FRA,Manchester City,ENG,2-2
Quarterfinals,2015-04-12,20:45,Real Madrid,ESP,VfL Wolfsburg,GER,3-0
Quarterfinals,2015-04-12,20:45,Manchester City,ENG,Paris Saint-Germain,FRA,1-0
Quarterfinals,2015-04-13,20:45,SL Benfica,POR,Bayern München,GER,2-2
Quarterfinals,2015-04-13,20:45,Atlético Madrid,ESP,FC Barcelona,ESP,2-0
Semifinals,2015-04-26,20:45,Manchester City,ENG,Real Madrid,ESP,0-0
Semifinals,2015-04-27,20:45,Atlético Madrid,ESP,Bayern München,GER,1-0
Semifinals,2015-05-03,20:45,Bayern München,GER,Atlético Madrid,ESP,2-1
Semifinals,2015-05-04,20:45,Real Madrid,ESP,Manchester City,ENG,1-0
Final,2015-05-28,20:45,Real Madrid,ESP,Atlético Madrid,ESP,5-3
